id,first_name,last_name,email,country,ip_address
1,Benjamin,Walker,bwalker@devpulse.com,Iran, "comma test, this"
2,William,Bishop,wbishop@quinu.mil, Suriname,"quote test "" that"
3,Anthony,Reed,areed@jaxbean.name,Marshall Islands,"quote test "" that"
4,Stephanie,Webb,swebb@digitube.gov,Benin,"comma test, this"
5,Pamela,Berry,pberry@shuffledrive.gov,Turkey,"quote test "" that"
6,Evelyn,Diaz,ediaz@oba.edu,Cook Islands,"comma test, this"
7,Patrick,Cox,pcox@realmix.biz,Germany,"quote test "" that"
8,Diana,Lane,dlane@yoveo.info,Tonga,"comma test, this"
9,Jesse,Alexander,jalexander@photofeed.mil,Equatorial Guinea,"comma test, this"
10,Ashley,Mccoy,amccoy@gabspot.edu,Bulgaria,"quote test "" that"
11,Julie,Burns,jburns@meezzy.name,Moldova,"comma test, this"
12,Nicholas,Morris,nmorris@tagpad.com,Paraguay,"quote test "" that"
13,Tina,Gordon,tgordon@midel.org,Antarctica,"comma test, this"
14,Helen,Lane,hlane@mynte.biz,Turkmenistan,"comma test, this"
15,Juan,Rose,jrose@skiba.com,Guernsey,"comma test, this"
16,Ralph,Kelly,rkelly@centimia.org,Cuba,"comma test, this"
17,Harry,Ferguson,hferguson@cogidoo.name,Gambia,"comma test, this"
18,Sharon,Mills,smills@gabvine.name,Spain,"comma test, this"
19,Henry,Warren,hwarren@latz.org,Bulgaria,"comma test, this"
20,Catherine,Gonzales,cgonzales@zoovu.net,Macau,"comma test, this"
21,Patricia,Morrison,pmorrison@gabcube.gov,Saint Helena,"quote test "" that"
22,Nicholas,Mcdonald,nmcdonald@zooveo.name,Brazil,"comma test, this"
23,Louis,Shaw,lshaw@topiclounge.com,Kiribati,"comma test, this"
24,Juan,Henderson,jhenderson@realfire.edu,Afghanistan,"quote test "" that"
25,Margaret,Gray,mgray@thoughtbeat.gov,Gibraltar,"quote test "" that"
26,Brian,Ross,bross@twiyo.net,Liberia,"quote test "" that"
27,Frank,Berry,fberry@photofeed.gov,China,"comma test, this"
28,Todd,Perry,tperry@mybuzz.biz,Bahrain,"comma test, this"
29,Judy,Wright,jwright@aivee.edu,India,"comma test, this"
30,Amy,Burke,aburke@minyx.gov,Tuvalu,"quote test "" that"
31,Bobby,Dean,bdean@voolith.info,Iraq,"comma test, this"
32,Judy,Ray,jray@skinte.biz,Benin,"quote test "" that"
33,Russell,Hicks,rhicks@meeveo.org,Bhutan,"quote test "" that"
34,Terry,Parker,tparker@dabfeed.com,Macedonia,"comma test, this"
35,Kathy,Turner,kturner@linktype.edu,Ireland,"comma test, this"
36,Amy,Adams,aadams@mynte.edu,Cook Islands,"comma test, this"
37,Michelle,Thompson,mthompson@youspan.biz,Colombia,"comma test, this"
38,Theresa,Robertson,trobertson@vinder.name,"Palestinian Territory, Occupied","comma test, this"
39,Jennifer,Powell,jpowell@tazz.mil,Qatar,"comma test, this"
40,Alan,Graham,agraham@thoughtstorm.info,Bhutan,"quote test "" that"
41,Ralph,Henderson,rhenderson@eadel.org,Armenia,"comma test, this"
42,Doris,Arnold,darnold@omba.name,Syria,"quote test "" that"
43,Roger,Edwards,redwards@zoomdog.mil,Burkina Faso,"comma test, this"
44,Kevin,Perkins,kperkins@avaveo.net,Jersey,"quote test "" that"
45,Maria,Hanson,mhanson@zooveo.name,Mongolia,"quote test "" that"
46,Arthur,Fisher,afisher@brainfire.net,Åland,"quote test "" that"
47,Linda,Patterson,lpatterson@photobug.biz,Denmark,"quote test "" that"
48,Bruce,Anderson,banderson@jaloo.name,Montenegro,"comma test, this"
49,George,Reynolds,greynolds@realbuzz.net,Norfolk Island,"comma test, this"
50,Beverly,King,bking@browseblab.net,Bahrain,"comma test, this"
51,Robert,Hicks,rhicks@agivu.biz,Jamaica,"comma test, this"
52,Cynthia,Smith,csmith@mynte.biz,Cook Islands,"quote test "" that"
53,Jean,Morgan,jmorgan@demimbu.gov,Oman,"comma test, this"
54,Shirley,Lawrence,slawrence@voomm.org,Dominican Republic,"comma test, this"
55,Adam,Carr,acarr@zoonoodle.mil,Mauritius,"quote test "" that"
56,Judy,Stanley,jstanley@kwilith.net,French Guiana,"comma test, this"
57,Howard,Long,hlong@kwilith.gov,Slovakia,"comma test, this"
58,Samuel,Burns,sburns@gabvine.name,Vanuatu,"comma test, this"
59,Lawrence,Gonzales,lgonzales@janyx.org,Namibia,"comma test, this"
60,Michael,Ellis,mellis@feedfish.org,Seychelles,"comma test, this"
61,Sharon,King,sking@skinder.mil,Qatar,"quote test "" that"
62,Judith,Hicks,jhicks@browsebug.info,United Arab Emirates,"quote test "" that"
63,Philip,Green,pgreen@photojam.net,Taiwan,"comma test, this"
64,Roy,Murphy,rmurphy@wikizz.org,Italy,"quote test "" that"
65,Angela,Burns,aburns@talane.org,Dominican Republic,"comma test, this"
66,Jean,Wright,jwright@plajo.edu,Cocos (Keeling) Island,"quote test "" that"
67,Nicholas,Wells,nwells@dabtype.org,Yugoslavia,"quote test "" that"
68,Janice,Cruz,jcruz@topicblab.info,Madagascar,"comma test, this"
69,Jessica,Scott,jscott@thoughtworks.org,Bahamas,"comma test, this"
70,Anthony,Hunter,ahunter@skyvu.org,Saudia Arabia,"comma test, this"
71,Andrew,Kelly,akelly@thoughtworks.com,Vatican City State (Holy See),"quote test "" that"
72,Jane,Martin,jmartin@babbleset.mil,Kenya,"quote test "" that"
73,Douglas,Berry,dberry@snaptags.edu,"Korea, North","comma test, this"
74,Rebecca,Davis,rdavis@oozz.gov,Panama,"quote test "" that"
75,Ralph,Hughes,rhughes@devpulse.org,Japan,"comma test, this"
76,Robin,King,rking@voonyx.gov,Swaziland,"comma test, this"
77,Elizabeth,Wheeler,ewheeler@oba.info,Panama,"comma test, this"
78,Phyllis,Griffin,pgriffin@cogibox.edu,Guernsey,"comma test, this"
79,Mark,Patterson,mpatterson@yotz.com,French Southern Territories,"quote test "" that"
80,Norma,Ferguson,nferguson@jayo.gov,Malta,"quote test "" that"
81,Heather,Taylor,htaylor@chatterbridge.net,"Korea, North","quote test "" that"
82,Amy,Robertson,arobertson@thoughtmix.com,French Southern Territories,"comma test, this"
83,Andrew,Ramirez,aramirez@photojam.biz,Faroe Islands,"comma test, this"
84,Carolyn,Mills,cmills@gigaclub.name,"Palestinian Territory, Occupied","quote test "" that"
85,Ryan,Howell,rhowell@buzzster.com,Palau,"quote test "" that"
86,Marie,Hayes,mhayes@mydo.org,Macau,"quote test "" that"
87,Joan,Nelson,jnelson@eazzy.name,Maldives,"comma test, this"
88,Diane,Ramirez,dramirez@podcat.edu,Monaco,"comma test, this"
89,David,Frazier,dfrazier@oyondu.com,Argentina,"comma test, this"
90,Anthony,Larson,alarson@meetz.com,Jamaica,"comma test, this"
91,Larry,Richardson,lrichardson@blognation.biz,American Samoa,"comma test, this"
92,Gerald,Campbell,gcampbell@riffpedia.biz,Saudia Arabia,"comma test, this"
93,Lillian,Mccoy,lmccoy@yodel.net,Italy,"comma test, this"
94,Jesse,Cunningham,jcunningham@topicware.info,Hungary,"quote test "" that"
95,Annie,Freeman,afreeman@fatz.net,Serbia,"comma test, this"
96,Willie,Howard,whoward@mydo.name,Togo,"comma test, this"
97,Victor,Porter,vporter@mymm.gov,Colombia,"comma test, this"
98,Richard,Lynch,rlynch@topicshots.biz,Vietnam,"quote test "" that"
99,Deborah,Stephens,dstephens@tagtune.mil,Argentina,"comma test, this"
100,Karen,Reed,kreed@aimbu.edu,Brazil,"comma test, this"
101,Sara,Hughes,shughes@edgewire.name,Antarctica,"quote test "" that"
102,Jason,Freeman,jfreeman@twitterbridge.net,Lebanon,"quote test "" that"
103,Victor,Mccoy,vmccoy@aimbo.info,Bhutan,"comma test, this"
104,James,Robertson,jrobertson@skimia.com,Israel,"quote test "" that"
105,Joe,Palmer,jpalmer@topicblab.net,Åland,"comma test, this"
106,Carolyn,Payne,cpayne@photojam.biz,Moldova,"quote test "" that"
107,Phillip,Johnson,pjohnson@twimm.org,Cyprus,"quote test "" that"
108,Albert,Campbell,acampbell@oyoba.edu,Guyana,"comma test, this"
109,Martin,Stanley,mstanley@skynoodle.mil,French Guiana,"quote test "" that"
110,Donna,Harper,dharper@snaptags.name,Burundi,"quote test "" that"
111,Anne,Mccoy,amccoy@yozio.com,Laos,"quote test "" that"
112,Louise,Chapman,lchapman@realbuzz.org,Jordan,"comma test, this"
113,Ernest,Ramos,eramos@eabox.com,Tonga,"comma test, this"
114,Martin,Gardner,mgardner@rhynyx.edu,Liechtenstein,"comma test, this"
115,Angela,Cole,acole@dynabox.org,Brunei Darussalam,"quote test "" that"
116,David,Reynolds,dreynolds@mybuzz.name,Tunisia,"comma test, this"
117,Pamela,Burton,pburton@jabbersphere.info,Cape Verde,"comma test, this"
118,Juan,Dixon,jdixon@livepath.org,Mexico,"comma test, this"
119,Stephen,Rose,srose@kazio.info,Armenia,"quote test "" that"
120,Ruth,Davis,rdavis@kare.biz,Paraguay,"quote test "" that"
121,Todd,Larson,tlarson@wikizz.biz,Pakistan,"comma test, this"
122,Howard,Davis,hdavis@photolist.info,Trinidad and Tobago,"quote test "" that"
123,Jose,Alvarez,jalvarez@yakijo.edu,Portugal,"quote test "" that"
124,Marie,Harrison,mharrison@linkbridge.name,Belgium,"quote test "" that"
125,Donald,Alexander,dalexander@topiclounge.mil,Falkland Islands (Malvinas),"comma test, this"
126,Cynthia,Dunn,cdunn@abata.gov,Macedonia,"quote test "" that"
127,Sarah,Wilson,swilson@twinte.org,Iraq,"comma test, this"
128,Ruth,Castillo,rcastillo@realbuzz.net,Ghana,"comma test, this"
129,Joe,Rose,jrose@oloo.edu,Denmark,"quote test "" that"
130,Alan,Murphy,amurphy@ailane.name,Pakistan,"quote test "" that"
131,Amanda,Hanson,ahanson@quimm.net,China,"comma test, this"
132,Louis,Martinez,lmartinez@skiptube.edu,Estonia,"comma test, this"
133,Kimberly,Welch,kwelch@yodel.mil,Hungary,"comma test, this"
134,Michael,Rose,mrose@podcat.org,United Arab Emirates,"comma test, this"
135,Philip,Ross,pross@flashdog.org,United States Virgin Islands,"comma test, this"
136,Theresa,Palmer,tpalmer@yodel.org,Andorra,"quote test "" that"
137,Anthony,Andrews,aandrews@blogxs.biz,Iran,"quote test "" that"
138,Ernest,Wood,ewood@dablist.mil,South Africa,"comma test, this"
139,Patrick,Gray,pgray@devify.info,Kuwait,"quote test "" that"
140,Rachel,Kennedy,rkennedy@avamm.org,Seychelles,"quote test "" that"
141,Martha,Mason,mmason@meezzy.net,Grenada,"quote test "" that"
142,Gary,Lawrence,glawrence@trudeo.name,Vanuatu,"quote test "" that"
143,Bruce,Dean,bdean@photobug.gov,Montenegro,"comma test, this"
144,Ryan,Nguyen,rnguyen@tagtune.net,Comoros,"comma test, this"
145,Ryan,Fisher,rfisher@yotz.biz,Mozambique,"comma test, this"
146,Sandra,Evans,sevans@blognation.biz,Barbados,"quote test "" that"
147,Joseph,Jackson,jjackson@blogtags.com,South Africa,"quote test "" that"
148,Paula,Johnson,pjohnson@digitube.biz,Uzbekistan,"comma test, this"
149,Karen,Morris,kmorris@viva.com,Nepal,"comma test, this"
150,Denise,Baker,dbaker@bubblemix.com,Oman,"comma test, this"
151,Willie,Murray,wmurray@skynoodle.com,Togo,"quote test "" that"
152,Michelle,Ruiz,mruiz@twitterwire.net,South Georgia and the South Sandwich Islands,"quote test "" that"
153,Jean,Bailey,jbailey@oyondu.net,Mexico,"quote test "" that"
154,Lois,Willis,lwillis@thoughtbridge.biz,Niger,"comma test, this"
155,Betty,Fisher,bfisher@jayo.edu,Aruba,"comma test, this"
156,Kevin,Nguyen,knguyen@gabspot.edu,Iceland,"quote test "" that"
157,Gregory,Russell,grussell@livepath.com,Cayman Islands,"comma test, this"
158,Steve,Hansen,shansen@janyx.gov,Ireland,"quote test "" that"
159,Louis,George,lgeorge@shufflebeat.biz,Western Sahara,"comma test, this"
160,Steven,Kelly,skelly@jabbersphere.info,Trinidad and Tobago,"comma test, this"
161,Dorothy,Thompson,dthompson@bluezoom.gov,Bolivia,"comma test, this"
162,Diana,Simpson,dsimpson@tazzy.mil,Pakistan,"quote test "" that"
163,Emily,Young,eyoung@tagcat.edu,Belarus,"quote test "" that"
164,Melissa,George,mgeorge@mymm.net,Belarus,"quote test "" that"
165,Earl,Robinson,erobinson@meeveo.info,South Africa,"comma test, this"
166,Amanda,Phillips,aphillips@jaxspan.biz,Spain,"comma test, this"
167,Victor,Hawkins,vhawkins@oyoloo.mil,San Marino,"quote test "" that"
168,Jimmy,Roberts,jroberts@gigazoom.biz,Cook Islands,"quote test "" that"
169,Christopher,Mitchell,cmitchell@muxo.biz,Guatemala,"comma test, this"
170,Martin,Johnston,mjohnston@oyoyo.info,Luxembourg,"comma test, this"
171,Jonathan,Bishop,jbishop@pixoboo.mil,Tonga,"quote test "" that"
172,Alan,Daniels,adaniels@jazzy.com,Martinique,"quote test "" that"
173,Katherine,Porter,kporter@photolist.biz,Burkina Faso,"quote test "" that"
174,Betty,Garza,bgarza@minyx.net,New Caledonia,"comma test, this"
175,Jessica,Moreno,jmoreno@kare.com,Zambia,"quote test "" that"
176,Christine,Holmes,cholmes@brainverse.gov,Mongolia,"comma test, this"
177,Heather,Cooper,hcooper@devcast.com,Guernsey,"comma test, this"
178,Chris,Perkins,cperkins@talane.net,Cyprus,"comma test, this"
179,Frances,Harris,fharris@bluezoom.biz,India,"comma test, this"
180,Annie,Cooper,acooper@abata.org,Mayotte,"comma test, this"
181,Lori,Ruiz,lruiz@agimba.info,Japan,"comma test, this"
182,Louise,Dean,ldean@oodoo.biz,Bouvet Island,"quote test "" that"
183,Daniel,Robinson,drobinson@eire.net,Sri Lanka,"quote test "" that"
184,Jeremy,Williams,jwilliams@oozz.gov,Chile,"quote test "" that"
185,Pamela,Harvey,pharvey@tekfly.edu,Egypt,"quote test "" that"
186,Jeffrey,Banks,jbanks@wordify.com,Uruguay,"comma test, this"
187,Henry,Butler,hbutler@omba.biz,Yugoslavia,"comma test, this"
188,Robert,Collins,rcollins@jayo.com,Austria,"quote test "" that"
189,Judy,Morgan,jmorgan@livefish.edu,Liberia,"quote test "" that"
190,Joseph,Roberts,jroberts@babblestorm.gov,Greenland,"quote test "" that"
191,Catherine,Sullivan,csullivan@brightbean.info,Saint Lucia,"quote test "" that"
192,Bobby,George,bgeorge@blogxs.com,Andorra,"comma test, this"
193,Arthur,Gordon,agordon@avamba.org,Argentina,"comma test, this"
194,Mark,Campbell,mcampbell@photobug.edu,Angola,"comma test, this"
195,Julie,Ryan,jryan@teklist.mil,Saint Vincent and the Grenadines,"comma test, this"
196,Tammy,Richardson,trichardson@bubbletube.org,Mauritius,"comma test, this"
197,Jacqueline,Warren,jwarren@trilia.org,Marshall Islands,"comma test, this"
198,Paula,Kennedy,pkennedy@browsedrive.mil,France,"quote test "" that"
199,Roger,Hunt,rhunt@photospace.edu,Netherlands Antilles,"quote test "" that"
200,Philip,Harper,pharper@devpulse.gov,South Africa,"quote test "" that"
201,Ann,Russell,arussell@gabvine.edu,"Korea, South","comma test, this"
202,Heather,Garcia,hgarcia@thoughtblab.info,Gabon,"comma test, this"
203,Debra,Garrett,dgarrett@rhyloo.biz,Jersey,"quote test "" that"
204,Mary,Reyes,mreyes@zoonoodle.info,Moldova,"quote test "" that"
205,Richard,Sims,rsims@tekfly.info,Argentina,"comma test, this"
206,Carlos,Armstrong,carmstrong@feedfish.com,Guinea,"comma test, this"
207,Nancy,Smith,nsmith@plajo.info,Uzbekistan,"comma test, this"
208,Janet,Mcdonald,jmcdonald@babbleopia.gov,"Palestinian Territory, Occupied","quote test "" that"
209,Rebecca,Harrison,rharrison@dabfeed.mil,"Korea, North","comma test, this"
210,Andrew,Peters,apeters@thoughtbridge.net,Argentina,"comma test, this"
211,Fred,Hamilton,fhamilton@shufflebeat.name,Sudan,"quote test "" that"
212,Samuel,Alexander,salexander@rhybox.org,Liechtenstein,"quote test "" that"
213,Joyce,Fields,jfields@tambee.gov,Uganda,"quote test "" that"
214,Jeremy,Duncan,jduncan@topicblab.org,Sierra Leone,"quote test "" that"
215,Ralph,Wagner,rwagner@kimia.edu,Venezuela,"quote test "" that"
216,Christine,Peterson,cpeterson@divape.name,Sweden,"quote test "" that"
217,Cynthia,Murphy,cmurphy@kwilith.name,Dominica,"comma test, this"
218,Catherine,James,cjames@zooveo.edu,Monaco,"quote test "" that"
219,Joan,Lawson,jlawson@vinte.org,Argentina,"comma test, this"
220,Craig,Elliott,celliott@youopia.name,Sao Tome and Principe,"quote test "" that"
221,Martha,Crawford,mcrawford@shuffletag.net,Brunei Darussalam,"quote test "" that"
222,Annie,Hanson,ahanson@bubbletube.net,Vanuatu,"comma test, this"
223,Thomas,Lawson,tlawson@blogxs.net,Guernsey,"quote test "" that"
224,Diana,Moreno,dmoreno@tekfly.com,Tunisia,"quote test "" that"
225,William,Black,wblack@avaveo.net,Czech Republic,"comma test, this"
226,Craig,Edwards,cedwards@devshare.biz,Iraq,"quote test "" that"
227,Emily,Dixon,edixon@twitterwire.edu,Åland,"comma test, this"
228,Amanda,Meyer,ameyer@zoonoodle.edu,Western Sahara,"comma test, this"
229,Sharon,Martinez,smartinez@twitterbeat.org,Honduras,"quote test "" that"
230,Ruby,Armstrong,rarmstrong@dabtype.com,Bulgaria,"comma test, this"
231,Mark,Mcdonald,mmcdonald@yakidoo.mil,Turks and Caicos Islands,"comma test, this"
232,Michael,Jones,mjones@dabjam.biz,Greece,"quote test "" that"
233,Frank,Jenkins,fjenkins@twinder.biz,Chile,"quote test "" that"
234,Christina,Green,cgreen@voolia.edu,"Korea, North","quote test "" that"
235,Janice,Hall,jhall@twinte.com,Libya,"comma test, this"
236,Nicholas,King,nking@zoonder.com,Singapore,"comma test, this"
237,Virginia,Perkins,vperkins@meemm.org,New Zealand,"comma test, this"
238,Sandra,Gilbert,sgilbert@livefish.mil,Andorra,"quote test "" that"
239,Diane,Rogers,drogers@rhyzio.com,Yugoslavia,"quote test "" that"
240,Walter,Chapman,wchapman@dabvine.org,Lesotho,"quote test "" that"
241,William,Cunningham,wcunningham@jabberbean.biz,Reunion,"comma test, this"
242,Cynthia,Ford,cford@quinu.mil,Haiti,"quote test "" that"
243,Jerry,Carter,jcarter@kare.net,Italy,"quote test "" that"
244,Rebecca,Daniels,rdaniels@bubblebox.info,Finland,"quote test "" that"
245,Paula,Montgomery,pmontgomery@skimia.edu,Solomon Islands,"quote test "" that"
246,Ralph,Reynolds,rreynolds@chatterpoint.org,Micronesia,"comma test, this"
247,Lisa,Bailey,lbailey@skajo.mil,Bouvet Island,"quote test "" that"
248,Cheryl,Fowler,cfowler@buzzshare.gov,Madagascar,"comma test, this"
249,Adam,Rogers,arogers@pixonyx.org,Philippines,"comma test, this"
250,Sara,Bowman,sbowman@trilith.com,Guyana,"comma test, this"
251,George,Johnston,gjohnston@podcat.info,Vanuatu,"comma test, this"
252,Kathleen,James,kjames@tagtune.biz,Western Sahara,"quote test "" that"
253,Laura,Roberts,lroberts@skinder.gov,Indonesia,"comma test, this"
254,Annie,Robinson,arobinson@skajo.gov,Vatican City State (Holy See),"quote test "" that"
255,Joe,Wood,jwood@centidel.name,Guadeloupe,"comma test, this"
256,Harold,Warren,hwarren@jumpxs.net,Morocco,"comma test, this"
257,Michael,Torres,mtorres@photobug.info,Western Sahara,"quote test "" that"
258,Eugene,Young,eyoung@jayo.com,Heard and McDonald Islands,"comma test, this"
259,Billy,Johnston,bjohnston@meevee.gov,Micronesia,"quote test "" that"
260,Stephen,Roberts,sroberts@mudo.name,Saint Barthelemy,"quote test "" that"
261,Julia,Nguyen,jnguyen@riffpath.com,Antarctica,"quote test "" that"
262,Katherine,Rodriguez,krodriguez@skimia.org,Cameroon,"quote test "" that"
263,Carlos,Lewis,clewis@quimba.com,Montserrat,"quote test "" that"
264,Marilyn,Snyder,msnyder@pixope.biz,Cuba,"quote test "" that"
265,Donald,Wallace,dwallace@innotype.net,US Minor Outlying Islands,"comma test, this"
266,Bobby,Moreno,bmoreno@fadeo.net,Sri Lanka,"quote test "" that"
267,Doris,Ramos,dramos@babbleopia.net,Netherlands Antilles,"quote test "" that"
268,Richard,Phillips,rphillips@voonyx.com,Angola,"comma test, this"
269,Eugene,Lynch,elynch@voonte.gov,Montserrat,"comma test, this"
270,Eric,Rodriguez,erodriguez@abatz.com,Lebanon,"comma test, this"
271,Joe,Mcdonald,jmcdonald@mymm.name,Qatar,"comma test, this"
272,Lillian,Henry,lhenry@fliptune.com,Sierra Leone,"comma test, this"
273,Judy,Williams,jwilliams@snaptags.mil,"Korea, North","comma test, this"
274,Ralph,Bell,rbell@yakijo.info,Cocos (Keeling) Island,"quote test "" that"
275,Randy,Carroll,rcarroll@oyonder.edu,Spain,"quote test "" that"
276,Joan,Montgomery,jmontgomery@mita.info,Netherlands,"quote test "" that"
277,Joseph,Cole,jcole@ooba.edu,Slovenia,"comma test, this"
278,Edward,Riley,eriley@meeveo.net,Aruba,"quote test "" that"
279,Karen,Butler,kbutler@brainlounge.edu,Montserrat,"quote test "" that"
280,Roger,Mills,rmills@vimbo.gov,Northern Mariana Islands,"quote test "" that"
281,Mark,Flores,mflores@twitterwire.gov,Aruba,"comma test, this"
282,Christine,Graham,cgraham@npath.gov,Puerto Rico,"comma test, this"
283,Clarence,Long,clong@jabbertype.gov,Iran,"comma test, this"
284,Scott,Chavez,schavez@twitterlist.edu,Madagascar,"quote test "" that"
285,Jimmy,Chapman,jchapman@gigazoom.biz,Belize,"comma test, this"
286,David,Burton,dburton@skyvu.info,Liberia,"comma test, this"
287,Ann,Weaver,aweaver@yadel.net,Isle of Man,"comma test, this"
288,Ashley,Davis,adavis@thoughtstorm.org,Montserrat,"comma test, this"
289,Jesse,Wallace,jwallace@quatz.gov,Reunion,"comma test, this"
290,Terry,Meyer,tmeyer@quatz.mil,Georgia,"quote test "" that"
291,Albert,Banks,abanks@kwinu.biz,Saint Pierre and Miquelon,"comma test, this"
292,Jimmy,Hicks,jhicks@realbuzz.biz,Maldives,"comma test, this"
293,Bruce,Bryant,bbryant@quatz.mil,Finland,"comma test, this"
294,Debra,Richards,drichards@zoomzone.net,Wallis and Futuna Islands,"quote test "" that"
295,Jesse,Lynch,jlynch@realblab.org,Belgium,"quote test "" that"
296,Irene,Peters,ipeters@skinder.name,Bhutan,"quote test "" that"
297,Gloria,Nichols,gnichols@devify.gov,Iceland,"comma test, this"
298,Janice,Thompson,jthompson@oozz.com,Cayman Islands,"quote test "" that"
299,Jimmy,Jordan,jjordan@oyope.edu,Nepal,"quote test "" that"
300,Joan,Hudson,jhudson@quinu.gov,Iraq,"quote test "" that"
301,Lisa,Morrison,lmorrison@jamia.edu,Laos,"quote test "" that"
302,Ryan,Cooper,rcooper@oyoloo.gov,Cote d'Ivoire,"quote test "" that"
303,Matthew,Henderson,mhenderson@bubblebox.mil,Austria,"quote test "" that"
304,Martha,Stanley,mstanley@blognation.com,Solomon Islands,"quote test "" that"
305,Aaron,Bell,abell@innojam.org,Niue,"comma test, this"
306,Sean,Kennedy,skennedy@meemm.gov,France,"quote test "" that"
307,Harry,Dixon,hdixon@topiczoom.org,Aruba,"comma test, this"
308,Nicole,Franklin,nfranklin@jetwire.info,Niger,"comma test, this"
309,Patricia,Stewart,pstewart@voonte.edu,Macedonia,"quote test "" that"
310,Patrick,Hernandez,phernandez@viva.org,Lebanon,"quote test "" that"
311,Bonnie,Tucker,btucker@wordify.com,Kiribati,"quote test "" that"
312,Pamela,Burke,pburke@blogtag.gov,Nigeria,"quote test "" that"
313,Paula,Woods,pwoods@jaxnation.mil,Gabon,"quote test "" that"
314,Anthony,Carr,acarr@youspan.com,Qatar,"comma test, this"
315,Willie,Taylor,wtaylor@trudoo.org,Comoros,"quote test "" that"
316,Paula,Franklin,pfranklin@gabtype.biz,New Caledonia,"quote test "" that"
317,Jason,Torres,jtorres@bubblebox.mil,Belize,"comma test, this"
318,Wanda,Mitchell,wmitchell@midel.gov,Hungary,"comma test, this"
319,Jesse,James,jjames@mudo.gov,Iran,"comma test, this"
320,Diana,Richardson,drichardson@oyondu.edu,Kyrgyzstan,"quote test "" that"
321,Randy,Hart,rhart@zoombox.net,Guadeloupe,"comma test, this"
322,Karen,Boyd,kboyd@flashpoint.mil,Kiribati,"quote test "" that"
323,Kathy,Reed,kreed@voonix.com,Kyrgyzstan,"quote test "" that"
324,Larry,Wheeler,lwheeler@jaxworks.biz,Estonia,"comma test, this"
325,Jane,Gardner,jgardner@zoomlounge.edu,Mozambique,"quote test "" that"
326,Teresa,Morrison,tmorrison@yata.biz,Papua New Guinea,"comma test, this"
327,Diana,Lee,dlee@dablist.com,Lebanon,"quote test "" that"
328,Gary,Ramirez,gramirez@jabbersphere.info,Togo,"quote test "" that"
329,Alan,Robinson,arobinson@feedbug.com,Romania,"comma test, this"
330,Brian,Ellis,bellis@vitz.net,Latvia,"comma test, this"
331,Catherine,Burns,cburns@browsedrive.net,Saudia Arabia,"quote test "" that"
332,Kevin,Collins,kcollins@snaptags.com,New Caledonia,"comma test, this"
333,Sean,Murray,smurray@quinu.name,Iran,"comma test, this"
334,Joyce,Mason,jmason@kare.com,US Minor Outlying Islands,"comma test, this"
335,Daniel,Perkins,dperkins@livetube.biz,Cocos (Keeling) Island,"comma test, this"
336,Gregory,Palmer,gpalmer@roombo.com,Czech Republic,"comma test, this"
337,Louise,Burns,lburns@skinder.com,Marshall Islands,"quote test "" that"
338,Victor,Bryant,vbryant@skaboo.net,Liechtenstein,"quote test "" that"
339,Ruth,Gilbert,rgilbert@tanoodle.mil,Barbados,"comma test, this"
340,Chris,Payne,cpayne@twitterbridge.gov,French Guiana,"comma test, this"
341,Robin,Austin,raustin@voolia.name,Luxembourg,"comma test, this"
342,Mark,Weaver,mweaver@camido.gov,Italy,"quote test "" that"
343,Shirley,Long,slong@thoughtbridge.edu,Mauritania,"quote test "" that"
344,Louis,Roberts,lroberts@realcube.org,Cook Islands,"quote test "" that"
345,Rebecca,Stanley,rstanley@mybuzz.gov,Malawi,"quote test "" that"
346,Andrea,Ryan,aryan@feedmix.edu,Guam,"comma test, this"
347,George,Flores,gflores@browsetype.mil,Tonga,"comma test, this"
348,Teresa,Little,tlittle@fadeo.name,French Southern Territories,"quote test "" that"
349,Amy,Alexander,aalexander@kare.mil,French Polynesia,"comma test, this"
350,Sarah,Moreno,smoreno@rhyloo.net,Niger,"quote test "" that"
351,Cheryl,Arnold,carnold@tambee.com,British Virgin Islands,"comma test, this"
352,Peter,Murray,pmurray@oyoyo.mil,Northern Mariana Islands,"quote test "" that"
353,Timothy,Harrison,tharrison@mynte.gov,Oman,"comma test, this"
354,Beverly,Frazier,bfrazier@buzzshare.info,Bahrain,"quote test "" that"
355,Willie,Warren,wwarren@youspan.com,Mauritania,"quote test "" that"
356,Susan,Diaz,sdiaz@yata.info,Australia,"quote test "" that"
357,Sharon,Edwards,sedwards@buzzster.com,Iran,"quote test "" that"
358,Juan,Cooper,jcooper@camimbo.org,Nigeria,"comma test, this"
359,Ronald,Gonzales,rgonzales@skiba.com,Saint Vincent and the Grenadines,"quote test "" that"
360,Wayne,Hawkins,whawkins@centidel.name,Rwanda,"quote test "" that"
361,Alice,Mitchell,amitchell@aimbo.gov,Martinique,"comma test, this"
362,Evelyn,Washington,ewashington@thoughtbeat.com,Ghana,"quote test "" that"
363,Johnny,Franklin,jfranklin@livetube.org,Nauru,"comma test, this"
364,Brenda,Larson,blarson@oozz.name,Bahamas,"quote test "" that"
365,Shirley,Martin,smartin@photofeed.edu,Japan,"comma test, this"
366,Ann,Marshall,amarshall@plambee.org,Cook Islands,"comma test, this"
367,Michael,Henry,mhenry@photojam.edu,Kiribati,"comma test, this"
368,Kathleen,Rogers,krogers@mita.com,Uzbekistan,"quote test "" that"
369,Eugene,White,ewhite@realcube.edu,Armenia,"comma test, this"
370,Todd,Nguyen,tnguyen@twimm.info,Dominica,"comma test, this"
371,Laura,Henry,lhenry@skivee.mil,El Salvador,"comma test, this"
372,Roy,Garrett,rgarrett@camimbo.name,Sri Lanka,"comma test, this"
373,Douglas,Ross,dross@fiveclub.gov,Myanmar,"quote test "" that"
374,Sandra,Simmons,ssimmons@browseblab.mil,Ireland,"quote test "" that"
375,Shirley,Lane,slane@avaveo.gov,Iran,"quote test "" that"
376,Juan,Chapman,jchapman@abata.gov,Faroe Islands,"comma test, this"
377,Bruce,Castillo,bcastillo@digitube.biz,Namibia,"comma test, this"
378,Steven,Hughes,shughes@meejo.name,Guernsey,"quote test "" that"
379,Bobby,Bishop,bbishop@zoonoodle.gov,Burkina Faso,"quote test "" that"
380,Mark,Baker,mbaker@muxo.biz,Gabon,"comma test, this"
381,Julia,Ford,jford@browsedrive.net,Dominica,"comma test, this"
382,Ruby,Kelley,rkelley@skimia.name,Wallis and Futuna Islands,"quote test "" that"
383,William,Johnston,wjohnston@yakidoo.net,Sri Lanka,"comma test, this"
384,Cynthia,Webb,cwebb@innojam.edu,Nepal,"quote test "" that"
385,Amanda,Lane,alane@leenti.name,USSR,"comma test, this"
386,Philip,Henry,phenry@gigazoom.name,United Kingdom,"quote test "" that"
387,Juan,Chapman,jchapman@feedspan.org,Trinidad and Tobago,"comma test, this"
388,Katherine,Hunter,khunter@dazzlesphere.name,Norway,"quote test "" that"
389,Louis,Lawrence,llawrence@blogtag.mil,Rwanda,"comma test, this"
390,Jacqueline,Larson,jlarson@linkbuzz.net,British Virgin Islands,"quote test "" that"
391,Kathryn,Medina,kmedina@gigabox.com,Saint Martin,"quote test "" that"
392,Peter,Reynolds,preynolds@realcube.org,Mongolia,"quote test "" that"
393,Heather,Weaver,hweaver@edgewire.gov,Zambia,"comma test, this"
394,Emily,Robertson,erobertson@voonyx.com,Guyana,"quote test "" that"
395,Helen,Banks,hbanks@vidoo.gov,American Samoa,"comma test, this"
396,Frances,Lopez,flopez@izio.mil,Libya,"quote test "" that"
397,Helen,Thompson,hthompson@fivebridge.mil,Mongolia,"quote test "" that"
398,Eric,Bennett,ebennett@skilith.info,Turkmenistan,"comma test, this"
399,Lisa,Cooper,lcooper@zava.name,Malta,"comma test, this"
400,Russell,Green,rgreen@tagfeed.com,Moldova,"quote test "" that"
401,Ashley,Little,alittle@miboo.biz,Andorra,"comma test, this"
402,Antonio,Kennedy,akennedy@kayveo.com,Zambia,"quote test "" that"
403,Jason,Fields,jfields@trudoo.com,Paraguay,"quote test "" that"
404,Kimberly,Hansen,khansen@jatri.net,Slovakia,"comma test, this"
405,Jonathan,Moore,jmoore@shuffledrive.name,Guadeloupe,"comma test, this"
406,Doris,Lee,dlee@livetube.gov,United Kingdom,"comma test, this"
407,Denise,Stephens,dstephens@leexo.info,Falkland Islands (Malvinas),"comma test, this"
408,Sandra,Freeman,sfreeman@edgetag.mil,Zimbabwe,"comma test, this"
409,Harry,Peters,hpeters@geba.biz,Netherlands,"comma test, this"
410,Harold,Young,hyoung@roombo.mil,American Samoa,"quote test "" that"
411,Raymond,Richardson,rrichardson@skalith.net,Macau,"comma test, this"
412,Joe,Coleman,jcoleman@flashdog.com,Cayman Islands,"quote test "" that"
413,Stephen,Day,sday@aimbu.edu,Mayotte,"comma test, this"
414,Carolyn,Taylor,ctaylor@linkbridge.edu,Gibraltar,"quote test "" that"
415,Alan,Gilbert,agilbert@yakijo.com,Iran,"quote test "" that"
416,Mark,Oliver,moliver@jatri.net,Western Sahara,"comma test, this"
417,Patrick,Coleman,pcoleman@avamba.edu,Mauritania,"quote test "" that"
418,Frank,Howard,fhoward@ooba.info,Australia,"quote test "" that"
419,Henry,Myers,hmyers@quinu.edu,Guam,"quote test "" that"
420,Jerry,Ray,jray@topiclounge.com,"Palestinian Territory, Occupied","comma test, this"
421,Amanda,Nelson,anelson@jetpulse.gov,Bulgaria,"quote test "" that"
422,Teresa,Carter,tcarter@oyonder.com,Panama,"comma test, this"
423,Thomas,Torres,ttorres@riffpedia.edu,Saint Vincent and the Grenadines,"quote test "" that"
424,Joe,Cox,jcox@browsetype.edu,Kyrgyzstan,"comma test, this"
425,Michelle,Andrews,mandrews@lajo.edu,"Korea, North","quote test "" that"
426,Sarah,Parker,sparker@realmix.biz,Peru,"comma test, this"
427,Frank,Richardson,frichardson@skimia.biz,Hong Kong,"comma test, this"
428,Barbara,Hawkins,bhawkins@edgepulse.name,Sudan,"comma test, this"
429,Diana,Hunter,dhunter@demizz.edu,Malawi,"quote test "" that"
430,Daniel,Gilbert,dgilbert@teklist.name,Guadeloupe,"comma test, this"
431,Gloria,Warren,gwarren@livepath.info,Philippines,"quote test "" that"
432,Russell,Perkins,rperkins@thoughtsphere.name,US Minor Outlying Islands,"comma test, this"
433,Victor,Sullivan,vsullivan@dabz.org,Latvia,"quote test "" that"
434,Laura,Dunn,ldunn@tavu.name,Belarus,"quote test "" that"
435,Anthony,Gonzalez,agonzalez@tagtune.edu,Equatorial Guinea,"comma test, this"
436,Christina,Bennett,cbennett@skajo.com,Slovakia,"comma test, this"
437,Lisa,Warren,lwarren@yombu.org,Mongolia,"quote test "" that"
438,Jane,Matthews,jmatthews@feedmix.biz,Burundi,"comma test, this"
439,Tina,Carr,tcarr@centidel.gov,Austria,"quote test "" that"
440,Angela,Price,aprice@minyx.gov,Mongolia,"comma test, this"
441,Denise,Chapman,dchapman@thoughtsphere.gov,Estonia,"quote test "" that"
442,Kevin,Snyder,ksnyder@buzzster.gov,Peru,"comma test, this"
443,Johnny,Wallace,jwallace@youspan.info,Rwanda,"quote test "" that"
444,Phillip,Ramos,pramos@trilia.name,Guadeloupe,"comma test, this"
445,Theresa,Payne,tpayne@vinte.info,Iraq,"quote test "" that"
446,Stephanie,Cox,scox@voolith.com,Venezuela,"quote test "" that"
447,Wanda,Mason,wmason@twimm.net,Latvia,"quote test "" that"
448,Earl,Morgan,emorgan@zazio.name,Martinique,"quote test "" that"
449,Wanda,Smith,wsmith@kanoodle.gov,Malta,"quote test "" that"
450,Roger,Long,rlong@shufflebeat.edu,Seychelles,"comma test, this"
451,Debra,Armstrong,darmstrong@leexo.name,Poland,"comma test, this"
452,Barbara,Perkins,bperkins@skipfire.mil,Vietnam,"comma test, this"
453,Kenneth,Martinez,kmartinez@edgeblab.biz,Venezuela,"quote test "" that"
454,Tammy,Webb,twebb@topdrive.biz,Ethiopia,"quote test "" that"
455,David,Young,dyoung@oloo.com,Algeria,"comma test, this"
456,Joseph,Garza,jgarza@mybuzz.net,Lithuania,"comma test, this"
457,Lillian,Cunningham,lcunningham@plambee.net,Barbados,"quote test "" that"
458,Martin,Graham,mgraham@flashset.mil,Lebanon,"comma test, this"
459,Martin,Wallace,mwallace@photofeed.name,Tuvalu,"comma test, this"
460,Louise,Jacobs,ljacobs@edgewire.edu,Andorra,"quote test "" that"
461,Teresa,Brooks,tbrooks@dabtype.org,Grenada,"comma test, this"
462,Henry,Harvey,hharvey@wikido.mil,Uzbekistan,"quote test "" that"
463,Jacqueline,Henry,jhenry@dabtype.org,Poland,"quote test "" that"
464,Frances,Cook,fcook@buzzshare.gov,British Virgin Islands,"quote test "" that"
465,Shawn,Cunningham,scunningham@skimia.edu,Guadeloupe,"quote test "" that"
466,Steve,Wallace,swallace@photobug.org,Antigua and Barbuda,"quote test "" that"
467,Paula,Riley,priley@jaxworks.mil,Vietnam,"quote test "" that"
468,Adam,Cole,acole@jamia.mil,Italy,"quote test "" that"
469,Theresa,King,tking@centidel.info,Panama,"comma test, this"
470,Patricia,Cook,pcook@topicstorm.biz,Saint Lucia,"comma test, this"
471,Ernest,Mendoza,emendoza@meejo.info,Saint Kitts and Nevis,"comma test, this"
472,Eric,Wilson,ewilson@wikizz.biz,Venezuela,"quote test "" that"
473,Henry,Matthews,hmatthews@yakijo.net,Gambia,"quote test "" that"
474,Irene,Oliver,ioliver@zava.name,US Minor Outlying Islands,"quote test "" that"
475,Dorothy,Sullivan,dsullivan@twimbo.biz,Wallis and Futuna Islands,"quote test "" that"
476,Robin,Gordon,rgordon@oozz.net,Timor-Leste,"quote test "" that"
477,Catherine,Hanson,chanson@fivespan.gov,Ukraine,"quote test "" that"
478,Matthew,Richardson,mrichardson@livetube.biz,Bosnia and Herzegovina,"quote test "" that"
479,Tammy,Howell,thowell@twimbo.mil,Liberia,"quote test "" that"
480,Sean,Lynch,slynch@plambee.net,Peru,"quote test "" that"
481,Martin,Ross,mross@zoomlounge.com,Martinique,"quote test "" that"
482,Andrew,Frazier,afrazier@yotz.org,British Indian Ocean Territory,"quote test "" that"
483,Carol,Gardner,cgardner@zoomlounge.net,Christmas Island,"quote test "" that"
484,Jerry,Kennedy,jkennedy@photobug.gov,Nepal,"comma test, this"
485,Joseph,Gilbert,jgilbert@wikibox.mil,Faroe Islands,"quote test "" that"
486,Nicholas,Hansen,nhansen@trunyx.edu,Guinea-Bissau,"comma test, this"
487,Judith,Jordan,jjordan@kanoodle.edu,Northern Mariana Islands,"comma test, this"
488,Judy,Bradley,jbradley@skipstorm.name,Anguilla,"comma test, this"
489,Daniel,Alvarez,dalvarez@yadel.gov,Seychelles,"comma test, this"
490,Frances,Rose,frose@agivu.info,Bhutan,"quote test "" that"
491,Lori,Carr,lcarr@tagcat.mil,Latvia,"comma test, this"
492,Kathryn,Shaw,kshaw@skinder.info,Venezuela,"comma test, this"
493,Cheryl,Wood,cwood@jaloo.edu,Azerbaijan,"comma test, this"
494,Julie,Williams,jwilliams@fivebridge.net,United Arab Emirates,"quote test "" that"
495,Phillip,Kelley,pkelley@wordware.mil,"Congo, Republic of","comma test, this"
496,Gloria,Wells,gwells@dynava.edu,Niue,"comma test, this"
497,Jerry,Robertson,jrobertson@edgewire.biz,Grenada,"quote test "" that"
498,Charles,Armstrong,carmstrong@ntag.gov,Norfolk Island,"comma test, this"
499,Samuel,Green,sgreen@wordtune.mil,El Salvador,"comma test, this"
500,Patricia,Coleman,pcoleman@innotype.info,Mayotte,"comma test, this"
501,Stephanie,Young,syoung@yakitri.biz,Norfolk Island,"quote test "" that"
502,Janet,Meyer,jmeyer@skidoo.gov,New Caledonia,"comma test, this"
503,Mary,Bishop,mbishop@babblestorm.mil,Tokelau,"comma test, this"
504,Roger,Andrews,randrews@aimbu.net,Marshall Islands,"quote test "" that"
505,Joshua,Rice,jrice@realmix.info,Tunisia,"comma test, this"
506,Patrick,Morrison,pmorrison@muxo.org,Saint Vincent and the Grenadines,"quote test "" that"
507,Susan,Moreno,smoreno@kamba.name,United States of America,"comma test, this"
508,Pamela,Young,pyoung@meeveo.name,Israel,"comma test, this"
509,George,Sims,gsims@yacero.biz,Lesotho,"comma test, this"
510,Mary,Tucker,mtucker@skalith.edu,Guam,"comma test, this"
511,Christine,Garza,cgarza@pixope.biz,Turkey,"quote test "" that"
512,Arthur,Watson,awatson@abata.biz,United States of America,"quote test "" that"
513,George,Campbell,gcampbell@yozio.org,Ethiopia,"quote test "" that"
514,Jack,Peterson,jpeterson@kaymbo.org,Belize,"comma test, this"
515,Dorothy,Black,dblack@gabtype.org,Djibouti,"quote test "" that"
516,Terry,Crawford,tcrawford@eire.net,Mayotte,"quote test "" that"
517,Eugene,West,ewest@dabfeed.gov,Greenland,"quote test "" that"
518,Stephanie,Baker,sbaker@nlounge.edu,Germany,"quote test "" that"
519,Steve,Thompson,sthompson@fiveclub.info,Tunisia,"quote test "" that"
520,Irene,Russell,irussell@voolia.mil,Tonga,"comma test, this"
521,Amanda,Warren,awarren@realbuzz.info,Hong Kong,"quote test "" that"
522,Laura,Franklin,lfranklin@youspan.org,Thailand,"comma test, this"
523,Laura,Tucker,ltucker@talane.com,Tuvalu,"comma test, this"
524,Diane,Burke,dburke@skivee.biz,Guadeloupe,"comma test, this"
525,Julia,Stone,jstone@yata.info,Papua New Guinea,"comma test, this"
526,Shirley,Carpenter,scarpenter@mydeo.biz,Turkmenistan,"quote test "" that"
527,Tina,Cox,tcox@yabox.gov,Madagascar,"quote test "" that"
528,Cynthia,Davis,cdavis@dabfeed.info,Egypt,"quote test "" that"
529,Larry,Rivera,lrivera@jabberstorm.biz,Bulgaria,"quote test "" that"
530,Rose,Adams,radams@blogxs.org,Malawi,"quote test "" that"
531,Angela,Harper,aharper@realbuzz.gov,Suriname,"quote test "" that"
532,Patrick,Carpenter,pcarpenter@oyope.info,Micronesia,"comma test, this"
533,Frances,Anderson,fanderson@roombo.mil,USSR,"quote test "" that"
534,Annie,Wilson,awilson@meemm.edu,United States Virgin Islands,"quote test "" that"
535,Kelly,Robinson,krobinson@thoughtsphere.mil,Guadeloupe,"quote test "" that"
536,James,Kennedy,jkennedy@dynabox.name,Nigeria,"quote test "" that"
537,Karen,Arnold,karnold@livetube.mil,Sri Lanka,"comma test, this"
538,Kenneth,Hunt,khunt@dabvine.mil,Egypt,"comma test, this"
539,Joshua,Marshall,jmarshall@wordtune.gov,Costa Rica,"comma test, this"
540,Craig,Murray,cmurray@oodoo.gov,Netherlands,"quote test "" that"
541,Doris,Hunter,dhunter@flipbug.name,Cyprus,"comma test, this"
542,Harold,Arnold,harnold@voolia.edu,Tuvalu,"quote test "" that"
543,Betty,Price,bprice@ozu.biz,Saint Lucia,"comma test, this"
544,Amanda,Romero,aromero@photospace.mil,Colombia,"quote test "" that"
545,Keith,Hall,khall@roodel.info,Sudan,"quote test "" that"
546,Emily,Greene,egreene@vinte.biz,Lebanon,"quote test "" that"
547,Jason,Romero,jromero@brainsphere.edu,Mayotte,"comma test, this"
548,Kelly,Stanley,kstanley@photobug.com,New Zealand,"quote test "" that"
549,Louise,Taylor,ltaylor@digitube.net,Rwanda,"quote test "" that"
550,Alice,Perry,aperry@kwideo.mil,Laos,"quote test "" that"
551,Phillip,Arnold,parnold@wikivu.biz,Greenland,"quote test "" that"
552,Benjamin,Burton,bburton@trudoo.mil,Liberia,"comma test, this"
553,Elizabeth,Dixon,edixon@quinu.edu,Guinea-Bissau,"quote test "" that"
554,Jesse,Willis,jwillis@feedbug.com,Latvia,"comma test, this"
555,Dennis,Morgan,dmorgan@edgepulse.org,Qatar,"comma test, this"
556,Roger,Murphy,rmurphy@vitz.com,Cocos (Keeling) Island,"quote test "" that"
557,Chris,Perry,cperry@skidoo.name,Djibouti,"comma test, this"
558,John,Collins,jcollins@youopia.biz,Montenegro,"quote test "" that"
559,Carol,Lopez,clopez@twinte.com,Andorra,"comma test, this"
560,Ann,Smith,asmith@eimbee.mil,Uganda,"comma test, this"
561,Willie,Turner,wturner@brainverse.gov,United States of America,"quote test "" that"
562,Johnny,Moreno,jmoreno@yacero.mil,Argentina,"comma test, this"
563,Lori,Cooper,lcooper@edgeify.org,San Marino,"quote test "" that"
564,Harold,Sanchez,hsanchez@oozz.net,Mexico,"quote test "" that"
565,Shawn,Adams,sadams@centizu.mil,Spain,"comma test, this"
566,Shirley,George,sgeorge@browsezoom.info,Sao Tome and Principe,"comma test, this"
567,Carlos,Warren,cwarren@meevee.edu,Russia,"comma test, this"
568,George,Moore,gmoore@devpulse.gov,New Caledonia,"quote test "" that"
569,Julia,Cruz,jcruz@leexo.gov,Azerbaijan,"comma test, this"
570,Joshua,Morris,jmorris@aibox.mil,Switzerland,"quote test "" that"
571,Ruby,Berry,rberry@talane.gov,Norway,"quote test "" that"
572,Betty,Vasquez,bvasquez@dablist.name,Saint Lucia,"comma test, this"
573,Kevin,Thomas,kthomas@jabbertype.biz,Marshall Islands,"quote test "" that"
574,James,Matthews,jmatthews@oodoo.org,Vietnam,"quote test "" that"
575,Shirley,Ryan,sryan@livetube.mil,Libya,"comma test, this"
576,Gerald,Roberts,groberts@eadel.name,Andorra,"comma test, this"
577,Louis,Ray,lray@cogilith.gov,Italy,"quote test "" that"
578,Rachel,Banks,rbanks@photospace.org,Senegal,"comma test, this"
579,Rose,Hayes,rhayes@vipe.info,Cuba,"quote test "" that"
580,Jean,Jenkins,jjenkins@buzzdog.com,Cayman Islands,"comma test, this"
581,Martin,Stevens,mstevens@edgepulse.org,Cameroon,"comma test, this"
582,Judith,Jordan,jjordan@ailane.com,Swaziland,"quote test "" that"
583,Mark,Hunt,mhunt@photobug.mil,Mexico,"comma test, this"
584,John,Ward,jward@rhycero.info,Uganda,"quote test "" that"
585,Carolyn,Cole,ccole@devify.name,Togo,"quote test "" that"
586,Laura,Snyder,lsnyder@zoonoodle.name,Northern Mariana Islands,"quote test "" that"
587,Timothy,Tucker,ttucker@flipopia.name,Lebanon,"comma test, this"
588,Jane,Carr,jcarr@kaymbo.info,Micronesia,"comma test, this"
589,Sharon,Price,sprice@janyx.org,"Palestinian Territory, Occupied","comma test, this"
590,Wayne,Scott,wscott@blogspan.gov,Laos,"quote test "" that"
591,Lori,Nguyen,lnguyen@ntags.biz,Chile,"quote test "" that"
592,Carolyn,Russell,crussell@eayo.name,Isle of Man,"quote test "" that"
593,Larry,Gilbert,lgilbert@skibox.com,Marshall Islands,"quote test "" that"
594,Kathy,Fox,kfox@kazio.net,Kenya,"comma test, this"
595,Susan,Reynolds,sreynolds@zoombeat.net,Fiji,"comma test, this"
596,Johnny,Hughes,jhughes@rhycero.net,Guatemala,"comma test, this"
597,Louise,Carr,lcarr@topiczoom.net,Uganda,"comma test, this"
598,Jason,Hunter,jhunter@lazzy.info,Brunei Darussalam,"comma test, this"
599,Keith,Elliott,kelliott@dynava.gov,Algeria,"quote test "" that"
600,Aaron,Gibson,agibson@viva.com,Saint Kitts and Nevis,"quote test "" that"
601,Timothy,Henry,thenry@twiyo.biz,Guam,"comma test, this"
602,Stephanie,Price,sprice@zoonder.net,Laos,"quote test "" that"
603,Diana,Torres,dtorres@voonix.name,Czech Republic,"quote test "" that"
604,Nicole,Welch,nwelch@innotype.name,USSR,"quote test "" that"
605,Randy,Webb,rwebb@buzzbean.com,Isle of Man,"quote test "" that"
606,Joan,Martin,jmartin@wikido.org,Norway,"comma test, this"
607,Shawn,Myers,smyers@abata.info,Venezuela,"comma test, this"
608,Jerry,Arnold,jarnold@shuffledrive.name,Hong Kong,"quote test "" that"
609,Jeffrey,Romero,jromero@meetz.biz,Barbados,"quote test "" that"
610,Joan,Collins,jcollins@flashset.mil,Saint Pierre and Miquelon,"quote test "" that"
611,Christopher,Watkins,cwatkins@blogpad.org,Mauritania,"quote test "" that"
612,Catherine,Fowler,cfowler@zoomzone.net,Denmark,"quote test "" that"
613,Alice,Ferguson,aferguson@yadel.net,Nigeria,"quote test "" that"
614,Peter,Murphy,pmurphy@innoz.info,Bouvet Island,"quote test "" that"
615,Scott,Johnson,sjohnson@photobean.net,Bulgaria,"comma test, this"
616,Jesse,Roberts,jroberts@thoughtsphere.net,South Georgia and the South Sandwich Islands,"quote test "" that"
617,Denise,Owens,dowens@avamba.info,Mali,"comma test, this"
618,Catherine,Hansen,chansen@tekfly.name,Vanuatu,"comma test, this"
619,Ryan,Carter,rcarter@skinix.net,Togo,"comma test, this"
620,Jonathan,Perez,jperez@blogtags.info,Bahrain,"quote test "" that"
621,Theresa,Hunter,thunter@eidel.org,Monaco,"quote test "" that"
622,Aaron,Gonzalez,agonzalez@katz.com,India,"comma test, this"
623,Diana,Duncan,dduncan@zazio.edu,"Palestinian Territory, Occupied","comma test, this"
624,Raymond,Washington,rwashington@photojam.org,Netherlands Antilles,"quote test "" that"
625,Christopher,Marshall,cmarshall@gabtype.net,Somalia,"quote test "" that"
626,Carl,Harrison,charrison@jabbersphere.com,Saint Martin,"quote test "" that"
627,Maria,Wilson,mwilson@flashpoint.org,Guinea-Bissau,"quote test "" that"
628,Ralph,Boyd,rboyd@brainsphere.com,Liechtenstein,"quote test "" that"
629,Patricia,Banks,pbanks@yombu.com,Algeria,"quote test "" that"
630,Jonathan,Diaz,jdiaz@skimia.biz,Finland,"quote test "" that"
631,Gerald,Fields,gfields@divape.name,Togo,"comma test, this"
632,Debra,Harper,dharper@devify.info,Norfolk Island,"quote test "" that"
633,Judy,Ryan,jryan@miboo.mil,Guadeloupe,"comma test, this"
634,Judith,Morrison,jmorrison@fatz.edu,Taiwan,"comma test, this"
635,Howard,Johnson,hjohnson@livefish.net,Montenegro,"comma test, this"
636,Patricia,James,pjames@yamia.biz,Western Sahara,"comma test, this"
637,Sara,Anderson,sanderson@yamia.info,Liechtenstein,"comma test, this"
638,Howard,Wells,hwells@reallinks.edu,Cambodia,"quote test "" that"
639,Ruby,Lawrence,rlawrence@divavu.name,Bhutan,"quote test "" that"
640,Joseph,Turner,jturner@livez.mil,Vanuatu,"quote test "" that"
641,Earl,Gomez,egomez@youspan.net,Netherlands,"comma test, this"
642,Aaron,Reid,areid@jumpxs.gov,Kiribati,"quote test "" that"
643,Harry,Griffin,hgriffin@babblestorm.org,Georgia,"quote test "" that"
644,Rose,Henderson,rhenderson@yadel.edu,Libya,"quote test "" that"
645,Michael,Perry,mperry@jamia.edu,Turkmenistan,"quote test "" that"
646,Chris,Wood,cwood@devshare.net,Kuwait,"comma test, this"
647,Kathryn,Diaz,kdiaz@tagpad.edu,Mali,"comma test, this"
648,Mark,Payne,mpayne@eimbee.info,Armenia,"quote test "" that"
649,Catherine,Wallace,cwallace@dabtype.org,USSR,"comma test, this"
650,Louis,Hill,lhill@eayo.edu,New Caledonia,"comma test, this"
651,Douglas,Moore,dmoore@zoombox.gov,Barbados,"quote test "" that"
652,Bruce,Dixon,bdixon@thoughtstorm.name,Seychelles,"quote test "" that"
653,Susan,Peterson,speterson@realbridge.biz,Greenland,"quote test "" that"
654,Janice,Scott,jscott@livetube.net,United Arab Emirates,"comma test, this"
655,Rachel,Ortiz,rortiz@mydeo.mil,Indonesia,"comma test, this"
656,Kimberly,James,kjames@quire.gov,Guadeloupe,"quote test "" that"
657,Ruby,Ruiz,rruiz@dabshots.net,Bermuda,"comma test, this"
658,Christina,Welch,cwelch@cogibox.gov,Senegal,"quote test "" that"
659,Lillian,West,lwest@oyoyo.mil,Guernsey,"quote test "" that"
660,Charles,Webb,cwebb@fivebridge.info,Macedonia,"comma test, this"
661,Marilyn,Evans,mevans@twitterworks.info,Nigeria,"comma test, this"
662,Marilyn,Knight,mknight@flipopia.name,Slovakia,"quote test "" that"
663,Harold,Austin,haustin@skajo.net,Mayotte,"comma test, this"
664,Anthony,Kennedy,akennedy@wordify.gov,Vietnam,"quote test "" that"
665,Douglas,Sanchez,dsanchez@vinte.gov,Ascension Island,"quote test "" that"
666,Phillip,Gibson,pgibson@pixope.edu,Jamaica,"quote test "" that"
667,Barbara,Montgomery,bmontgomery@jabbersphere.org,Yemen,"comma test, this"
668,Judith,Palmer,jpalmer@yabox.biz,Thailand,"comma test, this"
669,Ryan,Walker,rwalker@yakitri.mil,Albania,"quote test "" that"
670,Paula,Marshall,pmarshall@avavee.com,Montserrat,"quote test "" that"
671,Peter,Schmidt,pschmidt@omba.edu,Niger,"quote test "" that"
672,Ruth,Lee,rlee@bluejam.name,San Marino,"quote test "" that"
673,Raymond,Hanson,rhanson@gabtype.edu,Taiwan,"comma test, this"
674,Jonathan,Dunn,jdunn@youbridge.net,Malta,"comma test, this"
675,Ralph,Rogers,rrogers@voolia.com,Czech Republic,"quote test "" that"
676,Jacqueline,Powell,jpowell@yadel.edu,Ghana,"quote test "" that"
677,Helen,Banks,hbanks@yodo.info,Guadeloupe,"comma test, this"
678,Sean,Porter,sporter@babbleopia.mil,Palau,"quote test "" that"
679,Judy,Carpenter,jcarpenter@pixoboo.edu,Falkland Islands (Malvinas),"comma test, this"
680,Diane,Little,dlittle@browsetype.info,Equatorial Guinea,"comma test, this"
681,Janet,Jacobs,jjacobs@jaxbean.net,Bulgaria,"comma test, this"
682,Anne,Andrews,aandrews@jabberbean.biz,New Zealand,"quote test "" that"
683,Timothy,Kelly,tkelly@eidel.net,Jersey,"quote test "" that"
684,Wayne,Morales,wmorales@skinte.net,Papua New Guinea,"quote test "" that"
685,Terry,Black,tblack@oba.com,Sri Lanka,"comma test, this"
686,Sara,Burke,sburke@flashdog.net,Kyrgyzstan,"comma test, this"
687,Katherine,Fisher,kfisher@demizz.edu,Switzerland,"quote test "" that"
688,Tina,Bell,tbell@quire.mil,Saint Helena,"quote test "" that"
689,Kathleen,Mcdonald,kmcdonald@photofeed.com,Guernsey,"comma test, this"
690,Wanda,Mendoza,wmendoza@tagpad.com,Kazakhstan,"comma test, this"
691,Emily,Turner,eturner@dabtype.com,Nauru,"quote test "" that"
692,Theresa,Phillips,tphillips@feedfish.com,Kenya,"comma test, this"
693,Joshua,Frazier,jfrazier@jaxworks.net,Chile,"quote test "" that"
694,Terry,Mitchell,tmitchell@thoughtworks.mil,Serbia,"quote test "" that"
695,Willie,Thompson,wthompson@vitz.net,New Caledonia,"quote test "" that"
696,Howard,Matthews,hmatthews@yodel.org,Bahamas,"quote test "" that"
697,Mildred,Matthews,mmatthews@babbleblab.net,Saint Kitts and Nevis,"quote test "" that"
698,Adam,Washington,awashington@cogidoo.gov,Togo,"comma test, this"
699,Aaron,Moore,amoore@wordware.gov,Kyrgyzstan,"quote test "" that"
700,Matthew,Evans,mevans@leenti.info,Vietnam,"quote test "" that"
701,Maria,Harvey,mharvey@oozz.name,Gambia,"quote test "" that"
702,Craig,Howell,chowell@oyoyo.mil,Comoros,"quote test "" that"
703,Michael,Burton,mburton@wikido.org,Netherlands Antilles,"quote test "" that"
704,Jean,Cook,jcook@einti.com,Swaziland,"quote test "" that"
705,Catherine,Clark,cclark@janyx.net,Montenegro,"comma test, this"
706,Julie,Stevens,jstevens@trupe.gov,Chad,"comma test, this"
707,Betty,Brown,bbrown@brainbox.gov,Albania,"comma test, this"
708,Michelle,Johnson,mjohnson@minyx.mil,Croatia,"quote test "" that"
709,Brenda,Perez,bperez@skidoo.gov,Cambodia,"quote test "" that"
710,Rose,Ortiz,rortiz@bubblemix.info,Pitcairn Island,"quote test "" that"
711,Carl,Stevens,cstevens@voonte.org,Papua New Guinea,"quote test "" that"
712,Daniel,Dixon,ddixon@mymm.info,Qatar,"quote test "" that"
713,Philip,Hamilton,phamilton@eidel.biz,Namibia,"comma test, this"
714,Thomas,Taylor,ttaylor@kwilith.mil,Algeria,"quote test "" that"
715,Frances,Alvarez,falvarez@brainfire.edu,France,"comma test, this"
716,Louise,Castillo,lcastillo@meejo.name,Bouvet Island,"quote test "" that"
717,Rachel,King,rking@zoomdog.edu,Guadeloupe,"comma test, this"
718,Kevin,Chapman,kchapman@jayo.com,Greenland,"quote test "" that"
719,Tammy,Hamilton,thamilton@yata.info,Uganda,"comma test, this"
720,Amy,Hayes,ahayes@realmix.edu,Malawi,"quote test "" that"
721,James,Cook,jcook@yakitri.name,Tonga,"quote test "" that"
722,Michael,Diaz,mdiaz@aimbo.biz,Tajikistan,"quote test "" that"
723,Thomas,Johnson,tjohnson@dabjam.org,Tanzania,"comma test, this"
724,Emily,Cox,ecox@meembee.net,Anguilla,"comma test, this"
725,Dennis,Morrison,dmorrison@quire.edu,Cayman Islands,"comma test, this"
726,Johnny,Green,jgreen@yata.name,Denmark,"comma test, this"
727,Juan,Owens,jowens@jaxspan.biz,Saint Pierre and Miquelon,"quote test "" that"
728,Albert,Owens,aowens@livez.biz,Venezuela,"comma test, this"
729,Antonio,Andrews,aandrews@flashset.info,United States of America,"comma test, this"
730,Clarence,Stanley,cstanley@skaboo.biz,Fiji,"comma test, this"
731,Julie,Palmer,jpalmer@kanoodle.gov,Macedonia,"quote test "" that"
732,Harry,Rogers,hrogers@kamba.mil,Guam,"quote test "" that"
733,Daniel,Gray,dgray@muxo.org,Tanzania,"comma test, this"
734,Mark,Medina,mmedina@chatterpoint.com,Yugoslavia,"comma test, this"
735,Tammy,Duncan,tduncan@eidel.name,Mexico,"comma test, this"
736,Theresa,Martinez,tmartinez@twinte.mil,Bahrain,"quote test "" that"
737,Kenneth,Alexander,kalexander@meezzy.mil,Peru,"quote test "" that"
738,Benjamin,Hill,bhill@topicblab.edu,Saudia Arabia,"quote test "" that"
739,Sandra,Henry,shenry@blogspan.name,Portugal,"quote test "" that"
740,Shawn,Perkins,sperkins@kimia.net,Bangladesh,"comma test, this"
741,Eugene,Reid,ereid@dabjam.gov,Namibia,"quote test "" that"
742,Charles,Stone,cstone@meevee.org,Reunion,"comma test, this"
743,Stephanie,Ferguson,sferguson@voonix.com,Belize,"quote test "" that"
744,Charles,Nguyen,cnguyen@dynabox.net,Faroe Islands,"comma test, this"
745,Virginia,Adams,vadams@divavu.gov,Jamaica,"quote test "" that"
746,Donald,Henry,dhenry@demivee.info,Puerto Rico,"quote test "" that"
747,Jerry,Campbell,jcampbell@flipopia.mil,Seychelles,"quote test "" that"
748,Theresa,Rice,trice@flashspan.name,Russia,"quote test "" that"
749,Amanda,Pierce,apierce@fivespan.info,United Arab Emirates,"comma test, this"
750,Stephanie,Dunn,sdunn@dynava.com,Cote d'Ivoire,"comma test, this"
751,Alice,Jenkins,ajenkins@skyvu.info,Philippines,"comma test, this"
752,Ralph,Torres,rtorres@meeveo.org,Cayman Islands,"quote test "" that"
753,Juan,Wallace,jwallace@avaveo.edu,Macedonia,"comma test, this"
754,Jeremy,Walker,jwalker@midel.org,American Samoa,"quote test "" that"
755,Virginia,Hanson,vhanson@reallinks.com,Argentina,"quote test "" that"
756,Linda,Meyer,lmeyer@thoughtbeat.net,Madagascar,"comma test, this"
757,Wayne,Lee,wlee@topicshots.net,British Indian Ocean Territory,"quote test "" that"
758,Lois,Evans,levans@skilith.biz,Saint Helena,"comma test, this"
759,Larry,Larson,llarson@tekfly.mil,Uganda,"quote test "" that"
760,Wanda,Sims,wsims@twimbo.gov,Burkina Faso,"quote test "" that"
761,Harold,Gutierrez,hgutierrez@skaboo.org,Yugoslavia,"comma test, this"
762,Stephanie,Ortiz,sortiz@kwimbee.org,"Korea, South","quote test "" that"
763,Brenda,Lopez,blopez@flipopia.info,Timor-Leste,"quote test "" that"
764,Kathy,Peters,kpeters@quinu.name,Marshall Islands,"quote test "" that"
765,Helen,Fuller,hfuller@blogspan.info,Italy,"quote test "" that"
766,Jean,Williams,jwilliams@gevee.biz,Kenya,"comma test, this"
767,Larry,Powell,lpowell@tagtune.net,Montenegro,"quote test "" that"
768,Johnny,Stewart,jstewart@skippad.gov,Nicaragua,"comma test, this"
769,Marilyn,Mitchell,mmitchell@trupe.net,Gambia,"quote test "" that"
770,Deborah,Martinez,dmartinez@jayo.name,Afghanistan,"quote test "" that"
771,Raymond,Griffin,rgriffin@zoonder.info,Ghana,"quote test "" that"
772,Christine,Wilson,cwilson@dabvine.biz,China,"quote test "" that"
773,Eric,Gardner,egardner@skajo.org,Niue,"quote test "" that"
774,Theresa,Bishop,tbishop@twimbo.gov,Falkland Islands (Malvinas),"quote test "" that"
775,Steve,Willis,swillis@eazzy.edu,Mexico,"quote test "" that"
776,Beverly,Knight,bknight@yoveo.name,Micronesia,"quote test "" that"
777,Julia,Ellis,jellis@kanoodle.info,Venezuela,"quote test "" that"
778,Gerald,Williamson,gwilliamson@topicblab.org,Nepal,"quote test "" that"
779,Bonnie,Smith,bsmith@zava.mil,Georgia,"quote test "" that"
780,Kathryn,Palmer,kpalmer@flashset.biz,Sweden,"comma test, this"
781,Katherine,Nguyen,knguyen@centimia.gov,Dominica,"quote test "" that"
782,Joshua,Evans,jevans@livepath.edu,Turkey,"comma test, this"
783,Kathleen,Dunn,kdunn@youspan.edu,Greenland,"comma test, this"
784,Rebecca,Evans,revans@trunyx.net,Somalia,"comma test, this"
785,Tina,Cook,tcook@youbridge.name,Sudan,"quote test "" that"
786,Rachel,Burke,rburke@browsecat.name,Turkmenistan,"quote test "" that"
787,Mildred,Owens,mowens@yadel.biz,Papua New Guinea,"comma test, this"
788,Irene,Graham,igraham@brightdog.net,Lebanon,"comma test, this"
789,Margaret,Reid,mreid@voolia.name,Dominica,"comma test, this"
790,Thomas,Ramirez,tramirez@innojam.gov,Cayman Islands,"comma test, this"
791,Larry,Black,lblack@dynava.org,"Korea, North","comma test, this"
792,Cheryl,Kennedy,ckennedy@blogtag.edu,Romania,"quote test "" that"
793,Helen,Tucker,htucker@babbleopia.biz,Brunei Darussalam,"quote test "" that"
794,Frances,Collins,fcollins@skalith.name,Indonesia,"comma test, this"
795,Diane,Mendoza,dmendoza@quimm.net,Turkey,"quote test "" that"
796,Ronald,Duncan,rduncan@feednation.gov,United Arab Emirates,"quote test "" that"
797,Jimmy,Stone,jstone@twitterwire.mil,Morocco,"comma test, this"
798,Albert,Thomas,athomas@skipstorm.gov,Argentina,"quote test "" that"
799,Marie,Ryan,mryan@photofeed.com,Montenegro,"quote test "" that"
800,Janet,Henry,jhenry@rooxo.biz,Nepal,"comma test, this"
801,Stephen,Mccoy,smccoy@realpoint.edu,Kyrgyzstan,"comma test, this"
802,Jesse,Carr,jcarr@skaboo.org,Paraguay,"quote test "" that"
803,Carlos,Gardner,cgardner@feedspan.name,Brunei Darussalam,"quote test "" that"
804,Douglas,Oliver,doliver@shuffletag.biz,Canada,"quote test "" that"
805,Bobby,Duncan,bduncan@kimia.net,Belgium,"quote test "" that"
806,Susan,Cook,scook@gabspot.name,Iceland,"quote test "" that"
807,Jane,Stevens,jstevens@roodel.biz,Marshall Islands,"comma test, this"
808,Roger,Jackson,rjackson@divape.com,Sweden,"comma test, this"
809,Lawrence,Tucker,ltucker@ailane.info,Kuwait,"quote test "" that"
810,Frank,Banks,fbanks@avamm.net,Burkina Faso,"quote test "" that"
811,Kimberly,Payne,kpayne@snaptags.mil,Bahamas,"comma test, this"
812,Henry,Palmer,hpalmer@skajo.net,Norfolk Island,"quote test "" that"
813,Earl,Hanson,ehanson@katz.biz,Ukraine,"quote test "" that"
814,Andrew,Knight,aknight@eare.biz,Venezuela,"comma test, this"
815,Sean,Torres,storres@ooba.com,Tajikistan,"quote test "" that"
816,Albert,Young,ayoung@rooxo.org,Svalbard and Jan Mayen Islands,"comma test, this"
817,Wayne,Gilbert,wgilbert@cogidoo.edu,Lithuania,"quote test "" that"
818,Nancy,Mendoza,nmendoza@yacero.edu,British Indian Ocean Territory,"quote test "" that"
819,Ann,Hayes,ahayes@edgetag.net,Guam,"comma test, this"
820,Sean,Sanders,ssanders@voomm.net,Saint Helena,"comma test, this"
821,Melissa,Gomez,mgomez@photofeed.info,Iran,"quote test "" that"
822,Edward,Gonzalez,egonzalez@gigashots.mil,Poland,"quote test "" that"
823,Angela,Phillips,aphillips@skinder.gov,South Georgia and the South Sandwich Islands,"comma test, this"
824,Emily,Garcia,egarcia@vinder.edu,Nauru,"comma test, this"
825,Jennifer,Mason,jmason@skinte.mil,Mayotte,"comma test, this"
826,Jacqueline,Howell,jhowell@twitterbeat.name,Sweden,"comma test, this"
827,Ronald,Brooks,rbrooks@tekfly.mil,Seychelles,"quote test "" that"
828,Samuel,Martin,smartin@innojam.gov,Dominican Republic,"comma test, this"
829,Brenda,Cruz,bcruz@teklist.info,Malaysia,"comma test, this"
830,Aaron,Patterson,apatterson@jaxnation.mil,Argentina,"quote test "" that"
831,Harry,Banks,hbanks@gabtune.biz,Denmark,"quote test "" that"
832,Brandon,Ferguson,bferguson@blogtags.org,Turkmenistan,"quote test "" that"
833,Phyllis,Young,pyoung@oyoloo.info,Taiwan,"quote test "" that"
834,Helen,Payne,hpayne@buzzbean.biz,Albania,"comma test, this"
835,Irene,Holmes,iholmes@thoughtstorm.name,Ecuador,"quote test "" that"
836,Janice,Gomez,jgomez@ntags.edu,Moldova,"comma test, this"
837,Bruce,Rice,brice@jabbercube.biz,Ascension Island,"quote test "" that"
838,Brian,Stewart,bstewart@voonyx.biz,USSR,"comma test, this"
839,Frances,Carpenter,fcarpenter@ooba.gov,United Arab Emirates,"comma test, this"
840,Linda,Sims,lsims@yambee.biz,Western Sahara,"quote test "" that"
841,Russell,Richardson,rrichardson@demivee.mil,Yugoslavia,"quote test "" that"
842,Peter,Carroll,pcarroll@youfeed.biz,Kyrgyzstan,"comma test, this"
843,Paula,Martin,pmartin@brainbox.mil,Tokelau,"comma test, this"
844,Ruby,Hicks,rhicks@meemm.biz,Guernsey,"comma test, this"
845,Linda,Hansen,lhansen@fatz.mil,Canada,"quote test "" that"
846,Jeremy,Ramirez,jramirez@skinte.net,Colombia,"comma test, this"
847,Harold,Perry,hperry@shufflebeat.com,Wallis and Futuna Islands,"comma test, this"
848,Anthony,Ford,aford@gevee.net,Germany,"quote test "" that"
849,Roy,Jones,rjones@edgeify.edu,Egypt,"quote test "" that"
850,Craig,Nguyen,cnguyen@zooveo.edu,New Caledonia,"quote test "" that"
851,Jean,Fowler,jfowler@realfire.edu,Netherlands Antilles,"comma test, this"
852,Joyce,Hudson,jhudson@talane.mil,Faroe Islands,"comma test, this"
853,Eric,Murphy,emurphy@meevee.edu,Reunion,"quote test "" that"
854,Kenneth,Gray,kgray@meedoo.net,Guatemala,"comma test, this"
855,Virginia,Allen,vallen@photospace.com,Taiwan,"comma test, this"
856,Melissa,Bryant,mbryant@vidoo.net,Palau,"comma test, this"
857,Carolyn,Thompson,cthompson@yodo.gov,Vietnam,"comma test, this"
858,Brian,Watkins,bwatkins@twiyo.org,Guinea,"comma test, this"
859,Jose,Thomas,jthomas@omba.gov,Estonia,"quote test "" that"
860,Emily,Grant,egrant@meeveo.com,Martinique,"comma test, this"
861,Lori,Wilson,lwilson@eazzy.com,Tajikistan,"comma test, this"
862,Craig,Murphy,cmurphy@meembee.com,Zimbabwe,"comma test, this"
863,Stephen,Martin,smartin@flipstorm.gov,Serbia,"comma test, this"
864,Billy,West,bwest@buzzster.edu,Bolivia,"quote test "" that"
865,Juan,Torres,jtorres@meezzy.org,Turks and Caicos Islands,"comma test, this"
866,Betty,Hunt,bhunt@flipopia.biz,Saint Vincent and the Grenadines,"comma test, this"
867,Ruby,Grant,rgrant@meejo.info,Andorra,"comma test, this"
868,Mark,West,mwest@dabjam.gov,Thailand,"quote test "" that"
869,Judy,Rice,jrice@tagchat.net,Iraq,"comma test, this"
870,Charles,Carpenter,ccarpenter@kazio.org,Guatemala,"comma test, this"
871,Paul,Powell,ppowell@eire.info,Tanzania,"comma test, this"
872,Fred,Bryant,fbryant@wordware.net,Nigeria,"quote test "" that"
873,Sharon,Bishop,sbishop@vidoo.mil,Netherlands,"quote test "" that"
874,Lawrence,Cole,lcole@zoonder.edu,South Georgia and the South Sandwich Islands,"comma test, this"
875,Jason,Ross,jross@rhycero.gov,Cape Verde,"comma test, this"
876,Tina,Thomas,tthomas@flashpoint.name,Samoa,"quote test "" that"
877,Edward,Mccoy,emccoy@skimia.gov,Cook Islands,"quote test "" that"
878,Frances,Edwards,fedwards@digitube.mil,Central African Republic,"quote test "" that"
879,Paul,Gutierrez,pgutierrez@skippad.info,Jersey,"comma test, this"
880,Julia,Holmes,jholmes@roomm.mil,Bahrain,"comma test, this"
881,Annie,Green,agreen@shufflester.org,Lesotho,"comma test, this"
882,Randy,Brown,rbrown@edgepulse.name,Ecuador,"comma test, this"
883,Carolyn,Kennedy,ckennedy@kazio.biz,Botswana,"quote test "" that"
884,Susan,Snyder,ssnyder@mybuzz.org,Vanuatu,"comma test, this"
885,Julia,Martin,jmartin@quatz.biz,Saudia Arabia,"quote test "" that"
886,Rebecca,Riley,rriley@bluezoom.edu,Iran,"quote test "" that"
887,Brenda,Harper,bharper@chatterpoint.info,Chad,"comma test, this"
888,Stephen,Carroll,scarroll@skilith.name,Madagascar,"comma test, this"
889,Cynthia,Nelson,cnelson@aivee.edu,Venezuela,"comma test, this"
890,Steven,Bell,sbell@kazio.info,Aruba,"comma test, this"
891,Frank,Henderson,fhenderson@livetube.mil,Nicaragua,"comma test, this"
892,Peter,Olson,polson@fivebridge.name,Albania,"quote test "" that"
893,Wanda,Myers,wmyers@nlounge.mil,Kazakhstan,"comma test, this"
894,Kathy,Scott,kscott@linklinks.org,Wallis and Futuna Islands,"quote test "" that"
895,Patrick,Ellis,pellis@oyonder.net,Estonia,"comma test, this"
896,Pamela,Burton,pburton@rhyloo.info,Yugoslavia,"comma test, this"
897,Steve,Gonzalez,sgonzalez@realcube.edu,Singapore,"quote test "" that"
898,Andrew,Bradley,abradley@podcat.edu,Austria,"quote test "" that"
899,Nancy,Wells,nwells@ozu.net,Ethiopia,"quote test "" that"
900,Mildred,Burton,mburton@zooxo.name,Cambodia,"comma test, this"
901,Lisa,Hansen,lhansen@npath.info,New Zealand,"quote test "" that"
902,Evelyn,Dean,edean@twimbo.org,Argentina,"quote test "" that"
903,Joan,Scott,jscott@quatz.org,Rwanda,"quote test "" that"
904,Willie,Anderson,wanderson@kanoodle.gov,Angola,"comma test, this"
905,Bruce,Boyd,bboyd@buzzster.info,Saudia Arabia,"quote test "" that"
906,Steven,Gilbert,sgilbert@tagpad.edu,Afghanistan,"quote test "" that"
907,Douglas,Scott,dscott@fadeo.mil,Tanzania,"quote test "" that"
908,Judith,Martin,jmartin@mynte.biz,Latvia,"quote test "" that"
909,Brenda,Mitchell,bmitchell@jazzy.info,Sri Lanka,"comma test, this"
910,Donald,Ryan,dryan@wordtune.edu,Pakistan,"comma test, this"
911,Andrea,Hill,ahill@flipbug.edu,Croatia,"quote test "" that"
912,Irene,Mitchell,imitchell@meeveo.biz,Sierra Leone,"comma test, this"
913,Harry,Medina,hmedina@einti.biz,Australia,"comma test, this"
914,Andrew,Jacobs,ajacobs@dazzlesphere.info,United States Virgin Islands,"quote test "" that"
915,Bobby,Hamilton,bhamilton@skajo.biz,Pakistan,"comma test, this"
916,Michelle,Butler,mbutler@edgewire.gov,Sao Tome and Principe,"comma test, this"
917,Philip,Mitchell,pmitchell@quamba.biz,Puerto Rico,"comma test, this"
918,Norma,Andrews,nandrews@layo.biz,Suriname,"quote test "" that"
919,Martin,Mcdonald,mmcdonald@thoughtstorm.com,Jordan,"comma test, this"
920,Judith,Jones,jjones@muxo.net,Nepal,"quote test "" that"
921,Randy,Lopez,rlopez@kwinu.net,Serbia,"comma test, this"
922,Donald,Ross,dross@eabox.mil,New Caledonia,"comma test, this"
923,Christina,Porter,cporter@livepath.net,Greenland,"comma test, this"
924,Ernest,Young,eyoung@aibox.org,Madagascar,"comma test, this"
925,Janet,Mitchell,jmitchell@camido.info,Papua New Guinea,"comma test, this"
926,Robert,Hudson,rhudson@zoonoodle.com,Croatia,"comma test, this"
927,Alice,Lee,alee@jaxworks.biz,Puerto Rico,"comma test, this"
928,Chris,Morgan,cmorgan@zoomdog.biz,"Congo, Democratic Republic of","comma test, this"
929,Angela,Murphy,amurphy@skimia.info,Nigeria,"comma test, this"
930,Russell,White,rwhite@mydeo.net,Samoa,"quote test "" that"
931,Willie,Ortiz,wortiz@devcast.org,Philippines,"quote test "" that"
932,Bonnie,Oliver,boliver@brainverse.com,Philippines,"quote test "" that"
933,Christine,West,cwest@zoovu.mil,Austria,"quote test "" that"
934,Nancy,Johnston,njohnston@fivechat.name,Guernsey,"quote test "" that"
935,Jerry,Tucker,jtucker@quaxo.com,Mayotte,"comma test, this"
936,Gloria,Dixon,gdixon@yotz.com,Saint Barthelemy,"comma test, this"
937,Wanda,Mason,wmason@tagtune.org,Canada,"comma test, this"
938,Dorothy,Campbell,dcampbell@dynazzy.edu,Belize,"comma test, this"
939,Rebecca,Rivera,rrivera@oyoloo.name,Saint Martin,"comma test, this"
940,Pamela,Edwards,pedwards@vipe.net,Japan,"quote test "" that"
941,Lois,Russell,lrussell@edgewire.mil,British Indian Ocean Territory,"quote test "" that"
942,Victor,Davis,vdavis@rhyzio.name,Cook Islands,"comma test, this"
943,Terry,Hunt,thunt@twitterlist.name,Burundi,"comma test, this"
944,Annie,Sims,asims@topicware.gov,United States Virgin Islands,"comma test, this"
945,Alice,Fisher,afisher@trilia.com,Saint Helena,"quote test "" that"
946,Jose,Evans,jevans@skilith.net,Malawi,"comma test, this"
947,Julia,Ray,jray@zoozzy.name,Israel,"comma test, this"
948,Todd,Berry,tberry@quatz.org,Bahamas,"comma test, this"
949,Teresa,Moore,tmoore@oba.com,Denmark,"quote test "" that"
950,Nicole,Nichols,nnichols@zoomdog.org,Central African Republic,"quote test "" that"
951,Samuel,Wallace,swallace@fivespan.mil,Mexico,"comma test, this"
952,Lori,Brooks,lbrooks@babbleset.com,Tunisia,"quote test "" that"
953,Shawn,Ramirez,sramirez@abata.name,Malta,"quote test "" that"
954,Jeremy,Reynolds,jreynolds@latz.name,Reunion,"quote test "" that"
955,Michelle,Nelson,mnelson@tagtune.mil,Libya,"comma test, this"
956,Ashley,Harper,aharper@zoombeat.com,Israel,"quote test "" that"
957,Christina,Taylor,ctaylor@zoomzone.net,Hungary,"quote test "" that"
958,Benjamin,Gilbert,bgilbert@dabfeed.org,Rwanda,"comma test, this"
959,Ernest,Jenkins,ejenkins@fliptune.com,South Georgia and the South Sandwich Islands,"comma test, this"
960,Robin,Owens,rowens@zoonder.edu,Grenada,"comma test, this"
961,Louise,Burns,lburns@snaptags.biz,Yugoslavia,"comma test, this"
962,Charles,Boyd,cboyd@abatz.com,Uganda,"comma test, this"
963,Harold,Robinson,hrobinson@thoughtmix.edu,Falkland Islands (Malvinas),"quote test "" that"
964,Willie,Taylor,wtaylor@skyndu.com,Russia,"comma test, this"
965,Bruce,Martinez,bmartinez@voomm.biz,"Congo, Republic of","quote test "" that"
966,Douglas,Johnston,djohnston@browsetype.org,Dominica,"quote test "" that"
967,John,Cox,jcox@gabtune.name,United States Virgin Islands,"comma test, this"
968,John,Moreno,jmoreno@skibox.com,Hong Kong,"quote test "" that"
969,Janet,Ross,jross@kwinu.gov,Switzerland,"quote test "" that"
970,Melissa,Boyd,mboyd@topicshots.net,Malawi,"comma test, this"
971,Norma,Freeman,nfreeman@trudoo.edu,Romania,"comma test, this"
972,Helen,Howell,hhowell@gabspot.gov,Saint Barthelemy,"quote test "" that"
973,Katherine,Mitchell,kmitchell@oloo.name,Bolivia,"comma test, this"
974,Diana,Grant,dgrant@twiyo.com,Vanuatu,"comma test, this"
975,Ruth,Powell,rpowell@cogidoo.gov,Angola,"comma test, this"
976,Harold,Carter,hcarter@eadel.mil,Falkland Islands (Malvinas),"comma test, this"
977,Phyllis,Peterson,ppeterson@quinu.name,Guinea-Bissau,"comma test, this"
978,Chris,Hunter,chunter@zoombeat.name,Timor-Leste,"quote test "" that"
979,Shawn,Wells,swells@youopia.gov,Tunisia,"quote test "" that"
980,Annie,Smith,asmith@oyoba.info,Belarus,"comma test, this"
981,Julia,Hudson,jhudson@twimbo.com,Puerto Rico,"comma test, this"
982,William,Simpson,wsimpson@mybuzz.name,Mexico,"quote test "" that"
983,Sara,Bailey,sbailey@meevee.org,Eritrea,"quote test "" that"
984,Melissa,Ferguson,mferguson@zoombeat.name,Cook Islands,"comma test, this"
985,Sara,Snyder,ssnyder@kwimbee.org,Liberia,"comma test, this"
986,Beverly,Boyd,bboyd@skivee.com,Niger,"comma test, this"
987,Ruth,Foster,rfoster@linkbuzz.info,Cambodia,"quote test "" that"
988,Earl,Ryan,eryan@chatterbridge.edu,Taiwan,"comma test, this"
989,Craig,Bennett,cbennett@devpoint.gov,Central African Republic,"comma test, this"
990,Amanda,Clark,aclark@fivespan.biz,Equatorial Guinea,"quote test "" that"
991,Justin,Henry,jhenry@kamba.biz,France,"comma test, this"
992,Matthew,Bradley,mbradley@centimia.biz,Azerbaijan,"quote test "" that"
993,Joan,Hernandez,jhernandez@oba.biz,Belgium,"quote test "" that"
994,Peter,Lopez,plopez@edgepulse.org,South Georgia and the South Sandwich Islands,"comma test, this"
995,Ashley,Rice,arice@buzzbean.com,Greenland,"quote test "" that"
996,Anthony,Wells,awells@realblab.com,British Virgin Islands,"quote test "" that"
997,Kathleen,Chavez,kchavez@twimm.com,Haiti,"quote test "" that"
998,Robert,Mills,rmills@divape.com,Martinique,"quote test "" that"
999,Nicole,Reyes,nreyes@buzzshare.name,Syria,"comma test, this"
1000,Michael,Burke,mburke@geba.edu,Guinea-Bissau,"quote test "" that"
